{"Dup_Data":[[0.0,0.005050505050505051,0.010101010101010102,0.015151515151515152,0.020202020202020204,0.025252525252525256,0.030303030303030307,0.03535353535353536,0.04040404040404041,0.045454545454545456,0.050505050505050504,0.05555555555555555,0.0606060606060606,0.06565656565656565,0.0707070707070707,0.07575757575757576,0.08080808080808081,0.08585858585858587,0.09090909090909093,0.09595959595959598,0.10101010101010104,0.10606060606060609,0.11111111111111115,0.1161616161616162,0.12121212121212126,0.1262626262626263,0.13131313131313135,0.1363636363636364,0.14141414141414146,0.14646464646464652,0.15151515151515157,0.15656565656565663,0.16161616161616169,0.16666666666666674,0.1717171717171718,0.17676767676767685,0.1818181818181819,0.18686868686868696,0.19191919191919202,0.19696969696969707,0.20202020202020213,0.20707070707070718,0.21212121212121224,0.2171717171717173,0.22222222222222235,0.2272727272727274,0.23232323232323246,0.23737373737373751,0.24242424242424257,0.24747474747474763,0.25252525252525265,0.2575757575757577,0.2626262626262627,0.26767676767676774,0.27272727272727276,0.2777777777777778,0.2828282828282828,0.28787878787878785,0.2929292929292929,0.2979797979797979,0.3030303030303029,0.30808080808080796,0.313131313131313,0.318181818181818,0.32323232323232304,0.32828282828282807,0.3333333333333331,0.3383838383838381,0.34343434343434315,0.3484848484848482,0.3535353535353532,0.35858585858585823,0.36363636363636326,0.3686868686868683,0.3737373737373733,0.37878787878787834,0.38383838383838337,0.3888888888888884,0.3939393939393934,0.39898989898989845,0.4040404040404035,0.4090909090909085,0.41414141414141353,0.41919191919191856,0.4242424242424236,0.4292929292929286,0.43434343434343364,0.43939393939393867,0.4444444444444437,0.4494949494949487,0.45454545454545375,0.4595959595959588,0.4646464646464638,0.46969696969696884,0.47474747474747386,0.4797979797979789,0.4848484848484839,0.48989898989898895,0.494949494949494,0.5],[0.0,0.0,0.0,0.0,0.0,0.0,0.0,0.0,0.0,0.0,0.0,0.0,0.0,0.0,0.0,0.0,0.0,0.0,0.0,0.0,0.0,0.0,0.0,0.0,0.0,0.0,0.0,1.0,1.0,1.0,1.0,1.0,1.0,1.0,1.0,1.0,1.0,1.0,1.0,1.0,1.0,1.0,1.0,1.0,1.0,1.0,1.0,1.0,1.0,1.0,1.0,1.0,1.0,1.0,1.0,1.0,1.0,1.0,1.0,1.0,1.0,1.0,1.0,1.0,1.0,1.0,1.0,1.0,1.0,1.0,1.0,1.0,1.0,1.0,1.0,1.0,1.0,1.0,1.0,1.0,1.0,1.0,1.0,1.0,1.0,1.0,1.0,1.0,1.0,1.0,1.0,1.0,1.0,1.0,1.0,1.0,1.0,1.0,1.0,1.0]],"Nondup_Data":[[0.0,0.005050505050505051,0.010101010101010102,0.015151515151515152,0.020202020202020204,0.025252525252525256,0.030303030303030307,0.03535353535353536,0.04040404040404041,0.045454545454545456,0.050505050505050504,0.05555555555555555,0.0606060606060606,0.06565656565656565,0.0707070707070707,0.07575757575757576,0.08080808080808081,0.08585858585858587,0.09090909090909093,0.09595959595959598,0.10101010101010104,0.10606060606060609,0.11111111111111115,0.1161616161616162,0.12121212121212126,0.1262626262626263,0.13131313131313135,0.1363636363636364,0.14141414141414146,0.14646464646464652,0.15151515151515157,0.15656565656565663,0.16161616161616169,0.16666666666666674,0.1717171717171718,0.17676767676767685,0.1818181818181819,0.18686868686868696,0.19191919191919202,0.19696969696969707,0.20202020202020213,0.20707070707070718,0.21212121212121224,0.2171717171717173,0.22222222222222235,0.2272727272727274,0.23232323232323246,0.23737373737373751,0.24242424242424257,0.24747474747474763,0.25252525252525265,0.2575757575757577,0.2626262626262627,0.26767676767676774,0.27272727272727276,0.2777777777777778,0.2828282828282828,0.28787878787878785,0.2929292929292929,0.2979797979797979,0.3030303030303029,0.30808080808080796,0.313131313131313,0.318181818181818,0.32323232323232304,0.32828282828282807,0.3333333333333331,0.3383838383838381,0.34343434343434315,0.3484848484848482,0.3535353535353532,0.35858585858585823,0.36363636363636326,0.3686868686868683,0.3737373737373733,0.37878787878787834,0.38383838383838337,0.3888888888888884,0.3939393939393934,0.39898989898989845,0.4040404040404035,0.4090909090909085,0.41414141414141353,0.41919191919191856,0.4242424242424236,0.4292929292929286,0.43434343434343364,0.43939393939393867,0.4444444444444437,0.4494949494949487,0.45454545454545375,0.4595959595959588,0.4646464646464638,0.46969696969696884,0.47474747474747386,0.4797979797979789,0.4848484848484839,0.48989898989898895,0.494949494949494,0.5],[0.0,0.0,0.0,0.0,0.0,0.0,0.0,0.0,0.0,0.0,0.0,0.0,0.0,0.0,0.0,0.0,0.0,0.0,0.0,0.0,0.0,0.0,0.0,0.0,0.0,0.0,0.0,1.0,1.0,1.0,1.0,1.0,1.0,1.0,1.0,1.0,1.0,1.0,1.0,1.0,1.0,1.0,1.0,1.0,1.0,1.0,1.0,1.0,1.0,1.0,1.0,1.0,1.0,1.0,1.0,1.0,1.0,1.0,1.0,1.0,1.0,1.0,1.0,1.0,1.0,1.0,1.0,1.0,1.0,1.0,1.0,1.0,1.0,1.0,1.0,1.0,1.0,1.0,1.0,1.0,1.0,1.0,1.0,1.0,1.0,1.0,1.0,1.0,1.0,1.0,1.0,1.0,1.0,1.0,1.0,1.0,1.0,1.0,1.0,1.0]],